gender,age,pace23M,pace55M,pace75M,pace133M,pace171M,pace235M,paceFINISH
M,21,5:50,6:02,6:12,5:48,6:16,5:37,5:41
M,22,5:56,5:46,5:59,5:31,5:53,5:30,5:50
M,28,6:15,6:21,6:34,6:04,6:38,5:52,5:53
M,23,5:56,5:46,5:59,5:39,6:06,5:40,5:57
M,37,5:56,5:46,5:59,5:31,5:50,5:32,5:59
M,34,6:00,6:10,6:19,6:12,6:40,6:07,6:09
M,30,6:48,6:31,6:39,6:29,6:59,6:04,6:12
M,23,5:56,5:52,6:05,5:48,6:19,5:53,6:15
M,41,6:10,6:10,6:24,6:11,6:43,6:06,6:24
M,30,5:56,6:07,6:26,6:28,7:08,6:23,6:28
M,30,6:36,6:33,6:29,6:16,6:42,6:12,6:29
M,24,9:26,6:48,6:59,6:47,7:14,6:35,6:30
F,30,6:15,6:18,6:29,6:25,7:03,6:21,6:32
M,29,6:15,6:14,6:24,6:04,6:32,6:07,6:33
M,42,6:07,6:16,6:38,6:22,7:03,6:34,6:34
M,42,6:42,6:55,6:49,6:32,7:07,6:24,6:34
F,23,7:53,8:03,8:28,7:41,7:58,6:59,6:37
M,24,6:53,6:55,7:02,6:45,7:06,6:21,6:38
M,26,5:31,6:05,6:19,6:12,6:41,6:16,6:39
M,41,6:55,6:46,6:57,6:39,7:08,6:27,6:40
M,27,6:38,6:28,6:34,6:15,6:34,6:05,6:41
M,40,6:49,6:51,6:55,6:35,7:03,6:30,6:41
M,37,6:20,6:34,6:52,6:36,7:02,6:25,6:42
M,41,6:45,6:49,6:51,6:36,7:16,6:47,6:42
M,29,6:45,6:52,7:03,6:52,7:24,6:40,6:43
M,29,6:44,6:49,6:50,6:36,7:16,6:48,6:44
M,28,7:06,7:21,7:17,7:05,7:27,6:47,6:44
F,26,7:44,7:36,7:43,7:05,7:51,6:42,6:44
M,38,6:25,6:52,7:01,6:44,7:21,6:39,6:46
M,35,6:38,6:24,6:36,6:27,6:58,6:19,6:46
M,32,7:54,7:36,8:10,7:15,7:12,6:36,6:46
M,21,6:55,6:58,7:13,6:57,7:32,6:39,6:48
M,31,6:11,6:18,6:29,6:14,6:53,6:25,6:49
M,25,6:53,6:52,7:07,6:46,7:22,6:42,6:49
M,30,6:27,6:34,6:46,6:41,7:10,6:37,6:50
M,24,6:10,6:11,6:25,6:08,6:26,6:01,6:51
M,31,6:28,6:33,6:40,6:24,7:23,6:34,6:51
M,46,6:34,6:49,6:52,6:35,7:13,6:59,6:51
F,33,6:29,6:36,6:48,6:38,7:09,6:40,6:52
M,40,6:28,6:31,6:46,6:26,7:13,6:32,6:53
M,24,7:18,7:11,7:23,7:10,7:39,6:56,6:53
M,25,6:01,6:09,6:12,6:01,6:37,6:16,6:54
M,44,6:19,6:40,6:52,6:39,7:14,6:36,6:54
M,41,6:45,6:49,6:52,6:29,6:43,6:17,6:54
M,43,6:56,6:47,6:57,6:43,7:31,6:52,6:54
M,35,6:53,7:05,7:12,6:53,7:30,6:53,6:55
M,33,7:11,7:06,7:11,6:58,7:25,6:39,6:55
M,39,6:10,6:10,6:25,6:08,6:26,6:04,6:56
M,39,6:22,6:29,6:40,6:29,6:59,6:30,6:56
F,30,7:09,7:03,7:01,6:42,7:25,6:45,6:56
M,45,7:12,7:15,7:11,7:02,7:33,6:52,6:56
M,21,8:33,8:31,8:37,7:50,7:50,6:47,6:58
M,36,7:14,7:20,7:27,7:07,7:39,7:08,6:59
M,46,7:37,7:43,7:28,7:14,7:43,6:46,7:01
M,40,6:30,6:33,6:34,6:23,7:06,6:39,7:02
M,23,8:08,8:04,8:07,7:37,8:18,7:41,7:02
M,29,6:17,6:23,6:39,6:14,6:41,6:18,7:03
M,45,7:16,7:16,7:29,7:05,7:40,7:08,7:03
M,53,8:02,7:50,7:58,7:40,8:12,7:24,7:03
M,18,8:06,8:03,8:08,7:45,8:28,7:44,7:03
M,46,6:31,6:35,6:48,6:38,7:18,6:51,7:04
M,30,6:59,6:58,7:11,6:58,7:32,6:54,7:04
M,27,9:00,8:52,9:07,8:36,8:53,7:31,7:04
M,20,6:11,6:12,6:23,6:28,6:38,6:51,7:06
M,29,7:06,7:07,7:08,6:56,7:35,6:57,7:07
M,29,7:13,7:13,7:20,7:10,7:43,7:07,7:07
M,20,5:53,6:03,6:12,5:52,6:45,6:36,7:08
M,31,6:11,6:12,6:21,6:23,6:59,6:33,7:08
M,33,6:40,6:37,6:56,6:35,7:04,6:31,7:08
M,57,8:44,8:54,8:20,8:04,8:22,7:18,7:08
M,44,7:00,6:59,7:12,6:57,7:34,7:05,7:09
M,30,6:44,6:56,7:06,7:01,8:06,8:06,7:10
M,38,6:45,6:48,6:51,6:36,7:16,6:47,7:10
M,32,6:45,6:49,6:51,6:36,7:16,6:48,7:10
M,35,7:14,7:17,7:20,6:57,7:43,6:47,7:11
M,31,6:24,6:41,6:50,6:42,7:21,6:50,7:12
M,26,6:26,6:26,7:02,6:43,7:21,6:54,7:13
M,26,6:53,6:59,7:12,6:56,7:42,6:45,7:13
M,32,7:00,6:59,7:12,6:57,7:32,6:54,7:13
M,25,7:26,7:18,7:23,6:57,7:30,6:57,7:13
M,47,7:13,7:11,7:20,7:09,7:43,7:08,7:14
M,28,7:23,7:18,7:30,7:29,7:51,7:17,7:14
M,32,6:34,6:43,6:50,6:39,7:19,7:10,7:15
M,27,6:46,6:59,7:13,6:54,7:43,7:57,7:15
M,44,6:47,6:54,7:04,6:54,7:36,7:04,7:15
M,46,7:43,7:46,7:49,7:27,7:58,7:12,7:15
M,27,8:04,7:49,7:58,7:47,8:54,7:52,7:15
M,32,6:05,6:37,6:45,6:31,6:59,6:32,7:16
M,31,6:30,6:45,7:10,6:59,7:49,6:52,7:16
M,27,6:35,6:43,7:03,6:40,8:01,6:49,7:16
F,26,7:15,7:59,7:49,7:23,7:55,7:13,7:16
M,32,7:42,7:42,7:55,7:42,8:21,7:21,7:16
M,35,6:56,7:09,7:12,6:52,7:27,6:52,7:17
M,23,6:56,7:19,7:16,7:01,7:49,7:10,7:17
F,41,7:13,7:09,7:33,7:12,7:47,7:07,7:17
M,39,7:28,7:11,7:11,6:55,7:28,7:03,7:17
M,47,7:04,7:15,7:27,7:03,7:29,6:42,7:18
M,22,7:41,8:09,7:29,7:08,7:49,7:12,7:18
M,23,7:53,8:02,8:07,7:26,7:51,6:48,7:18
M,23,8:03,8:10,7:40,7:08,7:24,6:56,7:18
M,45,7:44,7:39,7:47,7:27,8:01,7:22,7:19
M,35,6:03,6:27,6:47,6:39,7:33,6:58,7:20
M,33,7:06,6:55,7:13,6:50,7:23,7:02,7:20
M,34,7:42,7:29,7:44,7:25,8:02,7:16,7:20
M,30,7:55,8:16,8:13,7:35,8:17,7:11,7:20
M,24,7:46,8:11,7:40,7:21,7:38,7:00,7:21
M,49,8:34,8:52,9:00,8:44,9:15,8:20,7:21
M,31,6:11,6:26,6:45,6:36,7:19,6:53,7:22
M,29,6:23,6:41,7:04,6:39,7:20,6:49,7:22
M,27,7:13,7:49,8:23,7:47,8:22,7:47,7:22
M,29,6:34,6:55,7:03,6:56,7:39,7:05,7:23
M,19,7:00,6:58,7:10,6:50,7:12,6:51,7:23
M,41,7:30,7:33,7:29,7:22,7:55,7:26,7:23
M,50,7:39,7:34,7:38,7:29,8:35,7:33,7:23
M,36,7:59,7:54,7:57,7:36,8:15,7:23,7:23
M,48,7:22,7:25,7:36,7:24,7:59,7:17,7:24
M,36,7:59,7:53,7:58,7:36,8:13,7:24,7:24
M,22,8:08,8:03,8:08,7:37,8:18,7:41,7:25
M,26,7:00,6:57,7:13,6:57,7:32,6:55,7:26
F,22,7:13,7:05,7:19,6:57,7:36,6:59,7:26
M,34,6:28,6:26,6:43,6:44,7:27,7:08,7:27
M,44,6:56,6:47,6:57,6:39,7:08,6:53,7:27
M,45,7:31,7:56,8:45,7:31,7:46,7:09,7:27
M,40,7:22,7:28,7:31,7:19,7:43,7:15,7:28
M,45,7:32,7:45,8:01,7:44,8:33,7:31,7:28
M,27,6:39,6:37,6:42,6:36,7:07,6:46,7:29
F,23,6:15,6:27,6:52,6:41,7:28,6:59,7:30
M,32,6:44,6:49,6:51,6:36,7:22,7:04,7:30
M,48,8:06,7:59,8:01,7:37,8:12,7:33,7:30
M,48,8:17,7:57,8:10,7:43,8:11,7:24,7:30
M,29,9:24,9:37,9:23,9:13,9:33,8:27,7:30
M,24,6:53,7:04,7:04,6:56,7:34,7:29,7:31
M,33,7:29,7:30,7:29,7:22,7:53,7:10,7:31
M,28,7:36,7:33,7:42,7:05,7:43,6:57,7:31
M,28,7:44,7:34,8:29,7:36,7:57,7:38,7:31
M,36,7:22,7:38,7:38,7:23,7:59,7:18,7:32
M,41,7:29,7:29,7:22,7:20,7:55,7:13,7:32
F,28,7:48,7:51,8:00,7:31,8:13,7:28,7:33
M,30,8:28,8:16,8:23,8:09,8:46,8:00,7:33
F,26,7:21,7:20,8:02,7:33,8:30,7:31,7:34
M,48,7:42,7:51,7:36,7:22,8:03,7:25,7:34
M,37,7:57,7:50,7:40,7:20,8:00,7:20,7:34
M,40,7:29,7:29,7:22,7:20,7:55,7:13,7:36
M,45,7:58,7:51,7:55,7:37,8:14,7:36,7:36
M,35,7:16,7:15,7:29,7:06,7:39,7:12,7:37
M,40,7:45,7:47,8:03,7:35,8:14,7:24,7:37
F,46,8:05,8:06,8:15,7:54,8:30,7:38,7:37
M,27,6:49,7:03,7:05,7:06,8:08,7:18,7:38
M,42,7:07,7:06,7:18,7:02,7:38,7:05,7:38
M,50,7:11,7:16,7:36,7:11,7:53,7:24,7:38
M,28,7:42,7:47,7:43,7:36,7:57,7:10,7:38
M,35,8:21,8:13,8:33,8:19,8:35,7:32,7:38
M,25,9:37,9:18,8:24,7:45,7:50,7:20,7:39
M,50,7:01,7:22,7:36,7:17,7:52,7:10,7:40
M,29,7:02,7:14,7:23,7:11,7:40,7:08,7:40
M,27,7:16,7:35,7:46,7:47,8:10,7:35,7:40
M,30,6:42,6:45,6:55,6:40,7:26,7:16,7:41
M,26,7:19,7:45,7:30,7:34,8:17,7:48,7:41
M,38,7:40,7:51,7:59,7:52,8:27,7:40,7:41
F,29,8:15,8:04,8:12,7:48,8:21,7:26,7:41
M,49,7:33,7:39,7:48,7:32,8:00,7:20,7:42
M,49,7:39,7:39,7:48,7:28,8:15,7:29,7:42
M,20,7:39,7:46,8:07,7:43,8:19,7:41,7:42
F,27,7:54,7:49,7:53,7:34,7:59,7:17,7:42
M,30,8:06,8:21,7:54,7:59,8:41,7:52,7:42
M,43,7:20,7:21,7:33,7:25,7:52,7:25,7:43
M,26,7:29,7:26,7:32,7:05,7:41,7:18,7:43
F,29,7:46,7:40,7:42,7:29,8:12,7:27,7:43
M,30,7:54,7:44,7:45,7:19,7:58,7:30,7:43
M,43,6:54,6:55,7:11,6:54,7:33,7:07,7:44
F,25,7:52,7:44,8:12,7:48,8:25,7:44,7:44
M,29,8:31,8:31,8:45,9:09,9:14,8:49,7:44
M,22,7:00,7:02,7:13,7:06,7:50,7:45,7:45
M,43,7:10,7:19,7:45,7:11,7:49,7:18,7:45
M,39,7:22,7:18,7:45,7:29,8:16,7:45,7:46
M,50,7:47,7:43,7:58,7:47,8:25,7:44,7:46
M,26,8:14,8:10,8:45,7:53,8:21,7:22,7:46
M,38,6:42,6:45,6:54,6:35,7:02,6:34,7:47
M,41,6:58,6:56,7:09,6:53,7:24,6:55,7:47
M,47,7:53,7:53,8:52,7:26,8:18,7:36,7:47
M,23,8:36,8:41,8:55,8:12,8:37,7:41,7:47
M,28,9:24,9:37,9:24,9:13,9:56,8:13,7:47
M,35,6:39,6:49,6:52,6:40,7:32,7:21,7:48
F,37,7:33,7:32,7:51,7:33,8:17,7:28,7:48
M,56,7:38,7:45,8:06,7:47,8:19,7:35,7:48
F,40,7:50,7:38,7:50,7:42,8:29,7:43,7:48
M,38,7:10,7:15,7:26,7:05,7:34,7:11,7:49
M,34,7:39,7:46,7:56,7:32,8:22,7:42,7:49
M,32,7:52,7:54,7:55,7:38,8:15,7:37,7:49
M,30,9:02,8:59,8:56,8:42,9:29,8:55,7:49
M,53,7:04,7:20,7:20,7:02,7:42,7:01,7:50
M,41,7:20,7:30,7:38,7:29,8:17,7:51,7:50
M,29,5:41,5:56,5:58,6:00,6:34,6:06,7:51
M,32,6:42,6:49,6:49,6:38,7:30,7:20,7:51
M,51,7:28,8:13,7:40,7:36,8:16,7:42,7:51
F,32,7:30,7:52,8:36,7:44,8:47,7:40,7:51
M,24,7:47,7:53,8:01,7:15,7:44,6:57,7:51
M,40,7:47,7:58,8:11,7:57,8:35,7:43,7:51
M,24,7:49,7:38,7:54,7:32,8:26,8:01,7:51
M,39,7:53,7:55,7:54,8:19,7:45,7:20,7:51
M,56,7:53,8:00,8:10,7:50,8:34,7:38,7:51
M,29,9:20,9:06,10:16,8:52,9:19,8:06,7:51
M,55,7:07,7:13,7:29,7:19,7:58,7:30,7:52
M,29,7:59,7:59,8:07,7:43,8:28,7:52,7:52
M,27,8:07,8:21,8:16,8:00,8:41,7:48,7:52
F,28,8:07,8:21,8:16,8:00,8:41,7:48,7:52
M,46,7:20,7:40,7:59,7:27,7:58,7:27,7:53
M,24,7:40,7:44,7:58,7:36,8:20,8:26,7:53
M,67,7:27,7:33,8:04,7:29,8:13,7:39,7:54
M,42,8:48,8:47,8:58,8:40,8:56,7:57,7:54
M,48,7:49,7:54,7:59,7:39,8:33,7:49,7:55
M,49,8:02,8:01,8:00,7:49,8:39,7:45,7:55
M,34,8:50,9:17,9:34,9:14,9:36,7:56,7:55
M,50,9:04,8:31,8:50,8:22,8:32,7:42,7:55
M,45,7:23,7:32,7:42,7:32,8:11,7:39,7:56
M,52,7:37,7:50,7:56,7:49,8:21,8:01,7:56
M,48,7:51,8:21,8:43,8:06,9:43,9:06,7:56
M,34,7:53,7:43,7:52,7:23,8:00,7:30,7:56
M,26,7:53,8:19,8:28,7:57,8:47,8:04,7:56
M,22,7:56,7:51,8:07,8:01,8:15,7:40,7:56
M,24,8:03,8:13,8:18,7:42,8:15,7:32,7:56
M,32,8:27,8:20,8:30,8:07,8:46,8:10,7:56
M,29,8:45,8:37,8:51,8:14,8:26,7:54,7:56
M,34,9:06,9:21,10:01,9:01,9:41,8:19,7:56
M,29,7:06,7:20,7:38,7:15,7:56,7:37,7:57
F,41,7:17,7:23,7:43,7:23,7:54,7:34,7:57
M,59,7:41,7:52,8:01,7:43,8:36,7:46,7:57
M,36,7:43,7:49,7:59,7:54,9:09,7:42,7:57
M,23,8:33,8:08,8:21,7:58,8:26,7:36,7:57
M,24,9:08,9:05,8:36,8:20,9:03,7:53,7:57
M,29,6:31,6:22,6:36,6:28,7:32,7:27,7:58
M,50,6:45,7:06,7:24,7:26,8:23,7:41,7:58
M,27,6:56,6:58,7:16,6:55,8:15,7:47,7:58
M,65,7:00,7:20,7:30,7:36,8:22,7:47,7:58
M,46,7:36,7:27,7:49,7:16,8:04,7:33,7:58
M,41,8:36,8:46,9:00,8:21,8:55,8:11,7:58
F,23,9:12,9:22,9:14,9:10,9:34,8:27,7:58
M,43,7:17,7:25,7:30,7:13,7:53,7:26,7:59
M,48,7:59,7:59,8:06,7:46,8:34,7:55,7:59
M,28,8:35,8:28,8:23,8:02,8:43,7:51,7:59
M,31,6:46,6:53,7:08,6:53,7:39,7:21,8:00
M,44,7:10,7:27,7:49,7:34,8:12,7:41,8:00
F,28,8:41,8:39,8:48,8:31,9:13,8:17,8:00
M,35,7:27,7:28,7:35,7:24,8:15,7:44,8:01
M,25,7:33,7:40,7:40,8:05,9:18,7:49,8:01
M,33,8:03,8:19,8:28,7:58,8:47,8:04,8:01
M,44,8:34,8:28,8:18,7:57,9:13,8:12,8:01
M,30,6:48,6:49,7:02,6:55,7:42,7:22,8:02
M,39,7:18,7:28,7:31,7:28,8:13,7:37,8:02
M,48,7:19,7:19,7:30,7:21,8:03,7:32,8:02
M,42,7:23,7:35,7:50,7:47,8:26,7:55,8:02
M,30,7:41,7:40,8:01,7:36,8:12,7:39,8:02
F,22,7:44,7:48,8:01,7:44,8:25,8:04,8:02
M,33,7:51,7:56,7:53,7:40,8:13,7:38,8:02
M,44,7:53,7:50,7:57,7:41,8:26,8:01,8:02
M,24,7:55,7:57,8:07,8:11,8:43,7:45,8:02
M,26,8:04,8:19,8:28,7:58,8:47,8:04,8:02
M,35,8:12,8:09,8:09,7:45,8:08,7:25,8:02
M,48,7:42,7:46,7:45,7:41,8:23,7:47,8:03
M,23,7:55,7:57,8:09,8:10,8:43,7:44,8:03
M,49,8:08,8:16,8:26,8:07,8:39,8:04,8:03
M,42,8:19,8:08,8:18,7:57,8:53,7:50,8:03
F,30,8:28,8:15,8:25,8:05,8:51,8:04,8:03
M,43,8:31,8:35,8:35,8:31,9:09,8:38,8:03
M,39,9:50,9:54,9:18,9:13,9:42,8:34,8:03
F,40,6:56,7:35,8:01,7:50,9:08,7:49,8:04
M,43,7:45,7:30,8:00,9:05,7:09,7:46,8:04
M,44,7:52,7:55,7:54,7:38,8:14,7:37,8:04
F,25,7:53,7:48,7:59,7:27,8:13,7:28,8:04
F,47,7:57,8:08,8:24,8:17,9:17,8:20,8:04
M,28,8:02,7:56,8:03,7:51,8:26,7:45,8:04
M,48,8:03,7:57,8:04,7:50,8:26,7:45,8:04
M,50,9:08,8:57,9:00,8:31,9:06,8:20,8:04
F,22,6:27,6:46,6:53,6:38,7:33,7:02,8:05
M,33,7:03,7:19,7:28,7:15,8:07,7:51,8:05
F,25,7:49,7:59,7:56,7:55,8:27,7:44,8:05
F,33,7:50,7:55,8:12,8:02,8:36,8:13,8:05
M,23,7:53,7:47,8:00,7:26,8:14,7:27,8:05
M,41,7:57,7:54,8:04,7:46,8:23,7:50,8:05
F,29,8:03,8:19,8:27,7:54,8:43,7:57,8:05
M,31,8:19,8:17,8:24,8:10,8:44,8:03,8:05
M,38,9:21,9:17,9:17,8:59,9:51,8:46,8:05
M,34,10:17,9:43,9:23,9:22,9:30,8:21,8:05
M,19,7:26,7:30,7:21,7:19,7:46,7:24,8:06
F,41,7:27,7:40,8:07,7:50,8:42,8:01,8:06
F,23,7:41,7:44,7:50,7:38,8:15,7:51,8:06
M,48,7:49,8:04,7:59,7:52,8:27,7:43,8:06
M,25,8:20,8:23,8:24,8:06,8:52,8:11,8:06
M,29,8:41,8:27,8:44,8:14,8:46,8:04,8:06
M,37,8:56,8:42,8:35,8:07,8:34,7:54,8:06
M,43,9:02,9:04,9:15,8:58,9:29,8:31,8:06
M,23,6:29,6:42,6:52,6:41,7:14,6:53,8:07
M,28,7:10,7:09,7:17,7:08,8:01,7:57,8:07
M,62,7:10,7:30,7:45,7:27,8:05,7:41,8:07
M,49,7:15,7:32,7:57,7:49,8:42,7:54,8:07
M,52,7:24,7:37,7:55,7:59,8:26,7:48,8:07
M,48,7:27,7:32,7:21,7:12,7:56,7:30,8:07
M,29,7:33,7:38,7:30,7:22,8:11,7:50,8:07
M,32,8:01,8:05,8:01,7:39,8:18,7:42,8:07
M,36,8:02,8:04,8:10,7:49,8:43,8:12,8:07
M,54,8:04,7:59,7:57,7:49,8:39,8:07,8:07
M,42,8:32,8:21,8:40,8:07,8:42,8:10,8:07
M,27,9:11,9:04,9:08,8:27,9:20,8:23,8:07
M,44,6:59,7:14,7:07,6:48,7:26,7:02,8:08
M,34,7:14,7:40,7:28,7:19,8:39,7:36,8:08
M,36,7:41,7:28,7:45,7:15,8:25,8:01,8:08
M,37,7:46,8:07,8:11,7:59,8:41,8:02,8:08
M,31,8:11,7:52,8:08,7:40,8:29,8:03,8:08
M,51,8:20,8:46,8:52,9:08,9:36,8:37,8:08
M,56,8:26,8:07,8:17,7:49,9:25,7:56,8:08
M,36,8:45,8:14,8:28,7:53,8:25,8:33,8:08
M,39,7:51,8:45,8:20,8:08,8:54,8:04,8:09
F,34,7:52,8:35,8:24,8:02,8:48,7:56,8:09
M,29,8:21,8:10,8:07,7:55,8:39,7:57,8:09
F,25,9:13,9:26,9:17,9:03,9:48,8:36,8:09
M,27,9:30,9:18,9:41,8:59,9:29,8:14,8:09
F,30,7:09,7:10,7:08,7:00,7:22,7:16,8:10
F,23,7:45,7:56,7:56,7:39,8:27,8:05,8:10
M,27,7:55,9:16,8:48,9:42,9:46,9:03,8:10
M,33,8:02,8:07,8:10,8:02,8:41,8:13,8:10
M,56,8:20,8:11,8:24,8:06,8:56,7:59,8:10
M,19,9:05,12:35,9:27,9:25,8:02,7:22,8:10
M,31,9:33,9:40,10:35,8:39,9:12,8:03,8:10
M,31,7:25,7:28,7:49,7:36,8:32,8:01,8:11
M,49,7:27,7:36,7:40,7:31,8:28,7:49,8:11
M,40,7:31,7:56,8:23,8:14,8:48,7:58,8:11
M,48,7:35,7:58,8:03,8:03,8:56,8:24,8:11
F,23,7:42,7:50,8:04,7:39,8:29,8:29,8:11
F,24,8:01,8:18,8:09,8:07,8:40,7:47,8:11
M,55,8:02,8:15,8:32,8:16,8:54,8:00,8:11
M,44,8:05,7:59,7:49,7:35,8:18,7:37,8:11
M,24,8:05,8:12,7:56,8:29,8:54,7:49,8:11
M,46,8:11,8:19,8:28,8:17,9:28,8:22,8:11
M,27,8:23,8:23,8:37,8:10,8:51,7:47,8:11
F,32,8:28,8:06,8:22,7:59,8:33,7:59,8:11
F,23,9:16,9:03,9:21,8:45,9:01,8:14,8:11
M,35,6:48,6:57,7:12,7:00,8:00,7:43,8:12
M,53,6:53,7:10,7:17,7:11,7:50,7:32,8:12
M,41,7:00,6:59,7:05,7:09,8:01,7:50,8:12
M,33,7:04,7:28,7:21,7:10,7:53,7:19,8:12
M,26,7:14,7:31,7:41,7:25,8:17,7:53,8:12
M,45,7:28,7:43,8:02,7:34,8:15,7:48,8:12
M,36,8:06,7:59,8:13,8:06,8:55,7:53,8:12
M,38,8:30,8:33,8:23,7:47,8:29,7:57,8:12
M,30,6:09,6:08,6:28,6:10,6:45,8:19,8:13
M,36,6:45,7:02,7:15,7:03,8:08,7:36,8:13
F,40,7:22,7:20,7:42,7:40,8:46,8:09,8:13
M,23,7:53,7:53,7:57,7:30,8:03,7:10,8:13
M,21,8:37,9:03,9:16,8:32,9:07,8:31,8:13
M,34,9:35,9:26,9:24,9:17,9:08,8:21,8:13
M,42,7:05,7:09,7:23,7:05,7:48,7:29,8:14
F,23,7:25,7:36,7:38,7:26,8:10,7:51,8:14
M,36,7:28,7:17,7:30,7:28,9:40,8:26,8:14
M,34,7:37,7:28,7:41,7:21,7:41,7:37,8:14
M,20,8:01,8:20,8:24,7:54,8:35,8:02,8:14
F,34,9:42,9:05,8:59,9:02,10:06,9:10,8:14
M,47,6:48,7:01,7:12,7:04,7:46,7:38,8:15
M,37,7:36,7:53,8:12,7:54,8:23,7:49,8:15
M,45,8:12,9:03,8:16,7:56,8:38,8:13,8:15
M,23,8:27,8:38,9:13,8:24,8:53,8:33,8:15
M,51,7:13,7:26,7:46,7:27,8:25,7:52,8:16
M,18,7:41,8:08,8:20,8:15,9:11,8:41,8:16
M,38,7:47,7:37,7:48,7:40,8:17,8:04,8:16
M,34,7:52,7:55,7:56,7:39,8:28,8:03,8:16
M,42,8:11,8:20,8:35,7:53,8:51,8:13,8:16
F,30,8:23,8:46,9:09,8:37,9:43,8:05,8:16
M,41,8:27,6:55,7:11,6:58,7:43,7:42,8:16
M,28,8:56,9:24,8:43,8:15,9:07,8:18,8:16
M,23,6:47,7:13,7:41,7:20,7:58,7:40,8:17
M,52,7:27,7:48,8:00,7:50,9:03,8:14,8:17
M,43,7:41,7:53,8:07,7:47,8:30,7:54,8:17
M,43,8:05,8:48,8:43,8:32,9:38,8:29,8:17
M,41,8:07,8:17,8:29,8:19,8:49,8:05,8:17
M,50,7:09,7:46,7:46,8:01,8:46,8:08,8:18
M,47,7:10,7:21,7:27,7:20,8:12,7:38,8:18
M,30,7:23,7:29,7:39,7:18,7:47,7:20,8:18
M,30,7:28,7:21,7:35,7:28,8:26,8:03,8:18
M,31,7:28,7:21,7:35,7:28,8:26,8:03,8:18
F,23,7:31,8:19,8:37,8:22,9:22,8:42,8:18
M,36,7:33,7:32,7:30,7:20,7:54,7:31,8:18
M,56,7:36,7:46,8:13,7:59,9:04,8:32,8:18
M,51,7:59,8:04,8:02,7:45,8:26,7:58,8:18
M,40,8:03,7:58,8:02,7:53,8:38,8:06,8:18
M,60,8:12,8:08,8:23,8:07,8:56,8:07,8:18
M,52,8:12,8:08,8:23,8:08,8:56,8:08,8:18
M,29,8:21,8:10,8:10,7:54,8:39,7:57,8:18
M,41,8:40,8:34,8:20,8:18,8:50,8:31,8:18
M,35,7:16,7:13,7:22,7:05,7:42,7:40,8:19
F,25,7:23,7:35,8:05,7:52,8:40,8:09,8:19
M,47,7:37,8:10,7:59,8:40,9:08,8:32,8:19
M,46,8:10,8:08,8:49,7:55,8:22,7:47,8:19
M,49,8:36,8:37,8:51,8:31,8:55,8:19,8:19
M,30,8:42,8:42,9:54,8:31,9:12,8:22,8:19
M,26,9:26,9:25,9:36,9:15,10:11,9:00,8:19
M,25,6:53,6:54,7:10,6:49,7:25,7:07,8:20
M,36,7:46,8:04,8:55,7:57,8:55,8:08,8:20
M,42,7:51,7:55,7:54,7:32,8:02,7:36,8:20
M,46,7:52,7:21,7:36,7:25,8:34,8:00,8:20
M,23,7:58,7:56,8:07,7:52,8:13,7:45,8:20
F,39,8:40,8:50,9:06,8:42,9:28,8:15,8:20
M,21,8:42,8:24,8:39,8:21,8:42,8:24,8:20
M,30,7:13,7:52,7:44,7:43,8:30,8:01,8:21
F,30,7:18,7:37,7:58,7:45,8:47,7:53,8:21
M,34,8:04,8:19,8:28,8:14,8:44,8:16,8:21
M,39,8:19,8:03,8:11,8:03,8:50,8:08,8:21
M,28,9:21,8:59,9:43,9:00,8:48,8:13,8:21
M,27,7:49,8:14,8:25,7:44,8:20,8:03,8:22
M,25,7:52,7:56,7:59,7:51,8:44,8:28,8:22
F,40,8:09,8:17,7:55,7:53,8:48,8:20,8:22
M,29,8:12,8:12,8:15,7:55,8:33,7:55,8:22
M,33,8:14,8:29,9:04,7:53,8:57,7:57,8:22
M,52,9:27,9:31,9:51,9:19,9:54,8:54,8:22
M,45,7:08,7:24,7:28,7:18,8:08,7:44,8:23
M,60,7:30,7:58,8:13,7:57,8:46,8:05,8:23
M,37,7:36,7:57,7:54,7:39,8:26,7:49,8:23
M,42,7:48,7:49,7:55,7:34,8:14,7:34,8:23
M,38,8:00,8:20,8:33,8:09,8:57,8:13,8:23
M,26,8:32,8:23,8:01,7:51,7:55,7:44,8:23
M,38,8:51,9:21,8:58,9:13,10:10,8:13,8:23
F,26,9:40,10:06,9:55,9:14,9:55,8:34,8:23
M,26,6:53,6:55,7:11,7:01,7:46,7:48,8:24
M,36,7:29,7:41,7:41,7:27,8:23,7:51,8:24
M,44,7:55,7:58,7:55,7:30,8:05,7:50,8:24
M,51,8:06,8:06,8:25,8:25,9:13,8:23,8:24
M,36,8:10,8:24,8:31,8:09,8:41,8:11,8:24
M,21,8:18,8:05,8:18,7:45,8:32,9:17,8:24
M,27,8:18,8:16,8:27,8:22,8:27,8:14,8:24
M,23,8:24,8:20,8:41,8:24,9:14,8:14,8:24
M,38,7:04,7:13,7:29,7:28,8:54,8:17,8:25
M,35,7:28,7:49,7:56,7:46,8:47,8:07,8:25
M,55,8:17,7:58,7:56,7:35,8:26,7:46,8:25
M,19,8:18,8:31,8:41,8:41,8:18,7:46,8:25
M,50,8:27,8:39,8:49,8:30,8:56,8:22,8:25
M,28,8:35,8:14,8:38,8:09,8:36,7:52,8:25
M,53,8:57,8:24,8:20,7:48,8:40,7:51,8:25
F,39,9:00,8:42,8:39,8:23,9:08,8:09,8:25
M,36,6:24,6:40,6:56,6:45,7:13,6:56,8:26
M,44,7:15,7:21,7:32,7:11,8:05,7:45,8:26
M,55,7:19,7:18,7:38,7:15,8:08,7:49,8:26
M,39,7:40,7:39,7:50,7:20,8:08,7:48,8:26
M,35,7:47,8:04,8:15,8:04,9:39,10:27,8:26
M,50,7:53,7:32,7:48,7:29,8:22,7:50,8:26
F,39,8:07,7:54,8:15,7:51,8:38,7:56,8:26
M,58,8:09,8:18,8:45,8:24,9:25,8:45,8:26
M,55,8:11,8:33,8:41,8:23,8:57,8:21,8:26
M,37,8:13,8:02,8:01,7:50,8:44,7:51,8:26
M,48,8:26,8:17,8:30,8:00,8:46,8:07,8:26
M,43,8:27,8:27,8:02,8:13,9:50,8:00,8:26
F,31,10:35,11:07,11:22,10:43,10:40,9:24,8:26
M,31,6:40,6:55,7:19,7:06,8:13,7:59,8:27
F,44,8:29,8:21,8:35,8:18,8:49,8:09,8:27
F,29,8:46,10:41,10:33,8:37,10:10,8:31,8:27
M,35,6:55,7:14,7:25,7:14,8:00,7:44,8:28
M,57,7:18,7:34,7:49,7:38,8:41,8:04,8:28
M,49,7:31,7:30,7:43,7:23,8:02,8:08,8:28
M,43,7:42,8:04,8:05,8:03,8:53,8:16,8:28
F,21,7:46,7:48,8:00,7:42,8:24,8:02,8:28
M,42,8:01,7:56,8:00,7:55,8:33,8:11,8:28
M,24,8:03,8:13,8:20,7:49,8:49,8:19,8:28
M,26,8:16,8:39,8:47,8:25,9:09,8:24,8:28
F,22,8:35,8:21,8:55,8:42,8:32,8:00,8:28
M,40,8:47,8:42,8:36,8:21,8:40,8:07,8:28
F,36,8:53,8:37,8:42,8:28,8:57,8:19,8:28
M,37,9:04,9:08,11:43,8:54,9:20,8:28,8:28
M,36,7:14,7:42,7:50,7:52,8:52,8:08,8:29
F,39,7:43,7:45,8:02,7:49,8:37,8:12,8:29
M,38,7:52,8:27,8:29,8:12,8:58,8:29,8:29
M,29,8:01,7:57,7:58,8:01,8:18,8:16,8:29
M,39,8:02,8:08,8:23,8:27,9:46,8:23,8:29
M,32,7:27,7:31,7:29,7:22,8:01,8:17,8:30
F,37,7:39,8:20,8:28,7:57,8:45,8:17,8:30
M,39,8:15,8:21,8:39,8:17,8:54,8:09,8:30
F,39,8:20,8:29,8:32,8:21,9:04,8:17,8:30
F,30,8:20,8:29,8:47,8:28,9:15,8:16,8:30
M,32,9:12,8:40,9:01,8:50,9:54,9:41,8:30
M,38,10:11,10:45,10:09,9:58,10:09,9:11,8:30
M,33,7:21,7:34,7:44,7:35,8:14,8:01,8:31
M,56,7:48,7:58,8:14,8:00,8:59,8:01,8:31
M,43,8:06,7:55,8:03,7:52,8:27,8:12,8:31
M,33,8:08,8:41,9:11,8:48,9:57,9:14,8:31
M,33,8:12,8:38,8:21,7:58,8:50,8:26,8:31
M,25,8:17,7:58,7:56,7:31,8:31,7:45,8:31
M,27,8:17,7:58,7:56,7:31,8:31,7:45,8:31
M,37,8:34,8:32,8:45,8:19,9:02,8:23,8:31
F,36,9:05,9:05,9:16,8:42,9:33,8:48,8:31
M,16,7:15,7:16,7:32,7:04,7:42,7:56,8:32
M,27,7:31,7:21,7:30,7:10,8:07,7:51,8:32
M,57,7:43,8:30,9:04,8:59,13:28,9:10,8:32
M,34,7:52,7:47,8:00,7:42,8:55,9:32,8:32
M,28,8:08,9:03,9:16,8:45,8:56,8:51,8:32
M,44,8:25,9:15,8:53,8:38,9:21,8:24,8:32
M,37,8:51,8:49,8:51,8:25,9:01,8:11,8:32
M,48,7:30,7:26,7:26,7:06,7:50,7:20,8:33
M,43,8:17,8:17,10:01,8:58,9:44,9:25,8:33
M,54,8:28,8:17,8:25,8:06,8:50,8:14,8:33
M,49,8:35,8:47,8:56,8:31,9:10,8:25,8:33
F,51,8:57,8:40,8:50,8:40,9:15,8:19,8:33
M,25,6:43,6:47,7:15,6:53,8:10,9:56,8:34
M,43,6:57,7:17,7:35,7:31,8:06,8:00,8:34
M,28,7:32,7:40,8:31,7:56,8:20,7:55,8:34
M,24,8:00,7:45,7:46,7:17,7:45,7:39,8:34
M,31,8:09,8:28,8:38,8:38,9:26,8:37,8:34
M,46,8:16,8:10,8:32,8:12,8:39,8:02,8:34
F,51,8:51,8:55,9:01,8:48,9:09,8:22,8:34
M,51,8:57,8:40,8:50,8:40,9:15,8:18,8:34
F,30,9:14,9:10,9:56,8:49,9:28,8:34,8:34
M,32,9:19,10:14,9:36,9:06,9:28,8:29,8:34
M,26,6:49,6:57,7:06,6:49,7:47,8:40,8:35
M,36,7:02,7:12,7:25,7:05,7:48,8:19,8:35
M,25,7:49,7:38,7:49,7:32,8:19,7:59,8:35
F,48,7:57,8:03,8:24,8:12,9:19,8:32,8:35
M,61,8:29,8:27,8:39,8:02,9:02,8:13,8:35
M,24,8:48,8:50,8:56,8:29,9:33,9:10,8:35
M,24,8:53,8:51,9:04,8:14,8:53,8:28,8:35
F,34,8:54,9:09,9:27,9:32,10:19,8:22,8:35
M,52,9:00,9:10,9:13,9:01,9:09,8:21,8:35
M,54,9:06,9:16,9:33,9:05,9:54,8:44,8:35
F,27,9:10,13:48,10:40,10:30,9:53,8:53,8:35
M,26,6:59,7:06,7:38,7:17,8:03,7:42,8:36
M,30,7:09,7:15,7:48,7:13,7:59,7:58,8:36
M,38,7:12,7:15,7:29,7:06,7:53,8:02,8:36
M,40,7:42,7:37,7:26,7:05,7:44,7:19,8:36
M,28,7:53,7:47,7:58,7:49,8:32,8:06,8:36
M,39,7:53,8:03,8:01,7:59,8:28,8:21,8:36
M,30,8:12,8:06,8:26,7:53,8:18,8:11,8:36
F,24,8:13,8:19,8:35,8:18,8:57,8:25,8:36
M,39,8:25,9:26,8:30,8:29,9:25,8:29,8:36
F,18,8:31,8:44,8:48,8:26,9:12,8:16,8:36
F,35,8:36,8:35,8:54,8:26,9:11,8:47,8:36
F,55,7:33,7:42,7:58,7:39,8:33,7:56,8:37
M,46,7:48,7:48,7:47,7:41,8:37,8:00,8:37
M,46,7:56,8:17,8:28,8:15,9:23,8:21,8:37
M,55,8:18,8:15,8:24,8:08,8:37,8:34,8:37
M,25,8:19,8:02,7:53,7:23,8:26,8:01,8:37
F,45,9:14,9:23,10:49,9:25,8:47,8:07,8:37
M,41,7:19,7:30,7:46,7:45,8:36,8:20,8:38
M,37,7:27,7:21,7:28,7:14,8:06,7:54,8:38
M,56,7:45,7:48,7:45,7:33,8:21,8:04,8:38
M,50,7:49,7:55,7:55,7:28,8:12,7:51,8:38
M,23,7:53,7:55,7:54,7:38,8:15,7:38,8:38
M,45,8:07,8:23,8:35,8:33,9:28,8:33,8:38
M,25,8:08,8:32,8:27,8:02,9:19,8:25,8:38
M,29,8:31,8:24,8:35,8:16,8:59,8:43,8:38
M,56,8:41,8:16,11:23,8:33,10:02,9:52,8:38
M,40,8:42,8:41,8:55,8:26,8:48,8:10,8:38
M,38,8:51,9:05,8:47,8:17,9:14,7:53,8:38
F,41,8:59,8:58,8:50,8:39,9:46,8:53,8:38
M,52,9:03,9:01,9:10,8:48,10:18,9:08,8:38
M,35,9:14,9:10,9:56,8:49,9:28,8:14,8:38
F,20,9:32,9:40,10:12,9:53,9:52,8:54,8:38
F,25,7:29,7:54,8:05,7:47,8:21,8:09,8:39
M,48,7:36,7:52,8:18,8:05,8:59,8:18,8:39
F,34,7:51,7:37,7:57,7:36,8:17,8:10,8:39
M,46,8:08,8:12,8:34,8:08,8:55,8:15,8:39
M,42,8:28,8:15,8:25,8:07,8:49,8:15,8:39
M,33,8:28,8:15,8:49,7:59,8:49,8:15,8:39
M,39,8:33,8:35,8:48,8:35,9:07,8:26,8:39
F,32,8:52,8:59,8:58,8:47,9:25,8:39,8:39
M,37,9:08,8:34,8:43,8:17,9:29,8:43,8:39
M,35,9:50,9:54,9:30,9:24,9:10,8:31,8:39
M,24,6:37,6:59,7:08,7:04,9:09,9:09,8:40
M,46,6:55,6:58,7:08,6:56,7:36,7:47,8:40
M,29,7:08,7:22,7:43,7:38,8:26,7:51,8:40
M,35,7:11,7:22,7:33,7:30,8:33,8:17,8:40
F,31,7:32,7:49,7:52,7:34,9:13,8:08,8:40
M,28,7:40,7:34,7:36,7:20,8:11,8:03,8:40
M,56,7:44,8:03,7:56,7:48,9:12,8:13,8:40
M,24,8:12,8:33,8:54,8:36,9:05,8:21,8:40
M,21,8:14,8:08,8:05,8:07,8:50,8:21,8:40
M,42,8:18,8:22,8:38,8:16,9:02,8:15,8:40
M,41,8:26,8:50,9:13,8:55,9:53,8:35,8:40
F,26,8:29,8:23,8:38,8:23,9:10,8:28,8:40
F,26,8:30,9:38,9:12,9:23,9:30,8:32,8:40
F,39,8:44,9:33,9:36,9:13,9:39,8:34,8:40
M,27,6:48,6:43,6:50,6:37,7:19,7:32,8:41
M,37,7:56,8:04,8:26,8:02,9:15,8:36,8:41
F,23,8:15,8:12,8:32,8:12,8:58,8:25,8:41
F,32,8:32,8:32,8:54,8:22,9:13,8:39,8:41
M,25,8:33,7:57,8:52,8:32,10:49,8:59,8:41
M,27,8:55,9:42,8:41,9:00,9:41,8:47,8:41
F,38,9:01,11:02,9:50,9:29,9:52,8:58,8:41
F,26,7:44,7:45,8:03,7:57,9:04,8:26,8:42
M,40,8:08,8:26,8:46,8:17,9:03,8:24,8:42
M,44,8:36,8:46,9:02,8:25,8:53,8:19,8:42
M,39,8:45,10:23,9:11,8:34,11:07,8:24,8:42
M,43,7:13,7:27,7:37,7:33,8:34,8:05,8:43
M,46,7:28,7:31,7:19,7:20,7:56,7:34,8:43
M,36,7:34,7:34,7:52,7:38,8:36,8:03,8:43
M,21,7:37,8:10,8:08,8:00,10:02,8:54,8:43
M,25,7:42,7:35,7:40,7:23,8:20,8:16,8:43
M,63,8:37,8:35,8:48,8:29,9:09,8:30,8:43
F,36,8:48,9:01,9:30,9:18,9:51,8:44,8:43
M,42,7:57,7:55,7:58,7:49,8:34,8:22,8:44
M,48,8:24,8:55,8:52,9:25,9:13,8:47,8:44
M,41,9:06,9:07,9:01,8:59,9:42,9:12,8:44
F,18,9:15,9:21,9:15,8:57,9:04,8:02,8:44
M,37,10:09,10:16,14:13,9:48,10:39,9:12,8:44
F,44,7:31,7:42,7:45,7:37,8:19,7:48,8:45
M,56,7:32,7:46,7:59,7:45,8:34,8:08,8:45
M,35,7:44,7:54,9:18,8:04,8:28,8:02,8:45
F,47,8:02,7:58,8:03,7:50,8:26,8:12,8:45
M,50,8:28,8:15,8:25,8:06,8:50,8:14,8:45
M,40,8:33,8:31,9:00,8:40,9:04,8:29,8:45
M,53,9:19,9:08,9:05,8:54,9:46,8:51,8:45
M,23,9:40,9:24,10:35,9:34,10:13,8:59,8:45
F,30,9:57,9:33,9:38,9:37,9:33,8:18,8:45
M,36,6:58,7:01,7:11,7:06,8:04,8:12,8:46
M,41,7:47,7:58,8:10,7:48,8:23,8:05,8:46
M,60,7:56,8:04,8:12,8:05,8:54,8:08,8:46
M,43,7:57,8:06,8:20,7:53,8:26,7:57,8:46
M,29,8:21,8:10,8:09,7:54,8:39,7:58,8:46
M,30,8:24,8:59,8:39,8:11,8:35,8:07,8:46
F,18,8:24,8:59,8:39,8:11,8:35,8:07,8:46
F,32,8:32,8:56,9:24,8:55,9:23,8:40,8:46
M,55,8:36,8:49,9:00,8:48,9:31,8:41,8:46
M,51,8:39,8:43,8:54,8:34,9:51,8:27,8:46
M,31,8:53,8:58,10:06,9:06,9:39,8:59,8:46
F,27,9:13,9:26,9:17,9:03,9:48,8:46,8:46
M,27,9:46,10:18,9:59,9:42,10:16,9:12,8:46
F,28,9:58,10:02,9:43,9:41,10:13,8:46,8:46
M,36,7:31,7:56,8:08,7:30,8:27,7:55,8:47
F,25,8:00,8:09,8:18,8:15,9:00,8:26,8:47
M,29,8:11,8:12,8:25,8:09,9:08,8:49,8:47
M,45,8:28,8:54,8:59,8:41,10:04,9:08,8:47
M,31,8:34,8:13,8:26,7:51,8:19,7:51,8:47
M,55,8:45,8:58,9:02,8:49,9:24,8:38,8:47
F,30,9:00,9:03,9:20,8:59,9:41,9:03,8:47
M,44,7:06,7:03,7:23,7:11,8:06,8:03,8:48
F,22,8:05,8:11,7:57,8:30,8:54,9:42,8:48
F,39,8:05,8:20,8:27,8:02,8:53,8:13,8:48
F,19,8:11,8:47,8:46,8:44,9:22,8:45,8:48
M,41,8:23,8:15,8:25,8:20,8:56,8:10,8:48
M,33,8:25,8:28,8:33,8:17,8:50,8:17,8:48
M,34,9:32,9:30,9:23,9:04,9:38,8:45,8:48
M,38,7:16,7:17,7:26,7:06,7:41,7:20,8:49
M,39,7:47,7:48,7:57,7:36,8:16,7:59,8:49
M,37,7:53,7:50,7:54,7:33,8:15,7:49,8:49
M,33,7:59,8:14,8:34,8:16,9:05,8:31,8:49
M,32,8:01,7:56,8:01,7:51,8:25,8:18,8:49
F,41,8:28,8:30,8:48,8:29,9:04,8:26,8:49
M,34,8:29,8:22,8:43,8:12,9:14,8:53,8:49
M,34,8:32,8:35,9:39,8:51,9:56,9:42,8:49
F,30,8:36,8:28,8:30,8:11,8:36,8:32,8:49
M,47,8:41,8:36,8:45,9:10,9:06,9:04,8:49
F,46,8:49,9:08,9:14,8:51,9:24,8:35,8:49
M,27,9:18,9:31,9:45,10:42,11:12,10:54,8:49
M,59,9:24,9:48,9:25,9:13,9:39,8:35,8:49
M,48,7:17,7:26,7:43,7:27,8:25,8:04,8:50
M,53,7:55,7:52,8:02,7:59,9:02,8:45,8:50
M,44,8:47,8:29,8:42,8:17,9:10,8:27,8:50
F,23,8:50,8:59,9:10,8:58,9:43,8:33,8:50
M,31,8:54,9:05,8:54,9:00,9:46,8:46,8:50
F,31,9:16,9:18,9:56,8:58,9:44,8:29,8:50
F,23,10:04,9:57,10:07,8:45,9:03,8:28,8:50
M,34,10:25,9:39,9:58,9:06,8:53,8:06,8:50
M,23,6:44,6:50,7:14,7:06,7:38,8:41,8:51
M,27,7:27,8:02,7:54,8:04,8:25,8:27,8:51
M,36,7:37,7:19,7:25,7:13,8:27,8:37,8:51
M,25,8:08,7:53,8:06,7:32,8:15,7:49,8:51
M,39,8:14,8:05,8:14,7:53,8:20,7:57,8:51
F,42,8:15,9:01,8:30,8:17,9:10,8:25,8:51
F,44,8:41,9:00,9:06,9:15,9:41,9:09,8:51
M,48,8:42,8:39,9:10,8:48,9:50,8:55,8:51
M,24,8:48,8:59,8:42,8:32,10:06,9:10,8:51
F,41,8:53,8:51,8:59,8:48,9:51,9:12,8:51
F,46,9:13,9:26,9:46,9:03,9:39,8:46,8:51
M,28,9:38,9:12,9:21,8:51,9:15,8:34,8:51
M,33,9:55,11:12,11:13,11:25,12:05,10:21,8:51
M,34,10:06,9:58,9:41,9:42,10:24,8:50,8:51
M,22,10:19,10:12,10:10,9:33,10:26,9:04,8:51
M,34,7:27,7:42,7:58,7:30,8:23,7:58,8:52
M,35,7:29,7:40,7:48,7:37,8:28,8:06,8:52
M,28,7:37,7:35,7:41,7:33,8:35,8:22,8:52
M,45,7:52,8:03,8:17,8:05,8:26,7:50,8:52
F,47,7:56,8:06,8:14,7:57,8:47,8:01,8:52
F,35,7:59,8:25,8:53,8:48,9:48,8:45,8:52
F,22,8:23,7:56,8:10,7:43,8:31,8:18,8:52
M,23,8:25,8:26,9:15,8:23,9:21,8:54,8:52
F,45,8:27,8:21,8:40,8:24,9:11,8:28,8:52
F,23,8:41,8:54,8:55,8:46,9:37,8:11,8:52
M,56,7:42,7:40,7:48,7:35,8:24,7:52,8:53
M,39,7:47,7:47,7:58,7:44,8:47,8:23,8:53
M,33,7:55,8:14,8:21,8:24,9:11,8:20,8:53
M,49,8:09,8:17,8:52,8:15,9:25,8:38,8:53
M,41,8:10,8:14,8:18,8:10,8:56,8:19,8:53
M,45,8:18,8:20,8:08,7:57,8:53,8:34,8:53
F,25,8:21,8:25,8:36,8:27,9:17,8:39,8:53
M,49,8:23,8:23,8:38,8:09,8:48,8:31,8:53
F,46,8:29,7:59,8:15,7:49,8:30,8:11,8:53
M,34,8:39,8:48,8:57,8:20,8:53,8:21,8:53
M,50,8:42,8:52,8:34,8:28,9:19,9:00,8:53
M,39,9:30,9:14,9:34,9:30,10:15,9:16,8:53
M,30,6:42,7:08,7:42,7:36,8:45,8:09,8:54
F,14,6:48,7:13,7:49,7:35,8:53,8:27,8:54
M,27,7:41,7:55,8:44,8:11,9:14,8:56,8:54
M,43,8:14,8:01,7:57,7:49,8:31,8:12,8:54
M,59,8:23,8:47,8:58,8:36,9:38,9:12,8:54
M,47,8:25,8:30,8:36,8:16,9:04,8:28,8:54
M,38,8:35,8:36,7:48,7:53,9:24,9:09,8:54
M,30,8:41,8:27,8:44,8:14,8:46,8:32,8:54
M,28,8:59,9:02,9:29,8:58,9:41,9:08,8:54
M,29,6:10,6:34,6:55,6:40,7:45,8:13,8:55
M,34,7:05,7:17,7:27,7:12,8:08,8:05,8:55
F,26,7:44,8:14,8:41,8:08,9:07,8:23,8:55
F,38,7:56,8:10,8:37,8:17,9:28,8:42,8:55
F,26,7:57,8:00,8:04,7:57,9:13,8:30,8:55
M,48,7:57,8:14,9:00,8:16,9:08,8:47,8:55
M,40,8:20,8:26,8:49,8:31,9:05,8:22,8:55
F,51,8:40,9:08,8:58,8:43,9:21,8:30,8:55
M,52,8:47,8:41,8:57,8:44,9:17,8:39,8:55
F,24,8:56,9:07,9:05,8:43,9:46,8:55,8:55
M,39,8:58,8:51,9:05,8:40,9:18,8:40,8:55
M,36,8:58,9:35,9:45,9:38,10:33,9:27,8:55
M,40,9:01,9:53,9:21,9:19,11:34,8:55,8:55
F,28,9:16,8:51,9:08,8:35,9:19,8:24,8:55
M,23,9:33,9:25,9:14,8:59,9:54,9:21,8:55
M,26,9:41,9:03,8:56,8:48,9:22,8:33,8:55
M,23,10:01,11:02,10:11,9:24,10:37,9:16,8:55
M,48,6:59,7:03,7:31,7:15,8:01,7:53,8:56
M,32,7:10,7:32,8:07,8:00,9:33,8:36,8:56
M,37,7:15,7:19,7:15,7:06,8:04,8:00,8:56
M,28,7:58,8:04,8:17,7:48,8:30,8:15,8:56
M,28,8:31,8:40,8:32,8:17,9:31,8:11,8:56
M,32,7:49,8:04,7:56,7:34,8:14,7:41,8:57
M,47,8:33,8:44,8:54,8:30,9:02,8:18,8:57
F,33,8:57,9:05,8:47,8:28,9:10,8:30,8:57
M,31,7:04,6:44,7:05,6:53,7:35,7:55,8:58
M,40,7:07,7:23,7:43,7:33,8:35,8:18,8:58
M,48,7:45,7:50,7:58,7:28,8:06,7:56,8:58
M,50,8:27,8:50,8:38,8:23,9:21,8:42,8:58
F,26,8:43,9:01,9:07,8:56,9:50,8:52,8:58
M,41,8:52,8:35,9:01,9:11,9:42,8:51,8:58
M,27,9:02,9:16,9:43,9:01,9:37,8:49,8:58
F,23,6:38,6:56,7:21,7:35,9:05,8:04,8:59
M,25,6:59,6:59,7:12,7:05,8:41,8:30,8:59
M,27,7:38,7:46,7:58,7:43,8:40,8:36,8:59
F,49,7:59,8:14,8:28,8:23,9:01,8:32,8:59
M,27,8:01,8:13,8:27,8:02,9:12,8:46,8:59
F,28,8:03,8:09,8:17,8:02,9:10,8:15,8:59
F,41,8:03,8:10,8:33,8:25,9:05,8:27,8:59
F,42,8:03,8:10,8:34,8:26,9:04,8:27,8:59
M,36,8:04,8:19,8:28,7:58,8:47,8:20,8:59
F,46,8:16,8:46,9:03,8:52,10:13,9:40,8:59
F,25,8:37,8:56,8:36,8:42,10:14,10:10,8:59
M,23,8:50,8:48,8:19,7:37,8:20,7:56,8:59
M,32,9:06,8:58,9:27,8:58,9:58,9:31,8:59
M,29,10:11,10:30,10:35,10:23,10:55,9:15,8:59
M,26,7:00,6:59,7:24,7:10,8:20,8:18,9:00
M,22,7:16,7:28,7:02,6:40,7:24,7:00,9:00
M,44,7:34,7:39,7:45,7:37,8:41,8:23,9:00
M,47,7:58,8:10,8:20,8:12,9:20,8:47,9:00
M,48,8:15,8:20,8:39,8:47,9:30,8:59,9:00
M,34,8:43,9:02,10:35,8:59,10:24,8:59,9:00
F,51,8:46,8:53,9:57,8:50,9:54,8:43,9:00
M,32,8:53,8:56,8:40,8:23,9:24,9:04,9:00
F,18,9:41,9:28,9:21,8:36,8:43,8:25,9:00
M,40,7:00,6:59,7:13,6:56,7:37,7:35,9:01
M,25,7:38,7:46,7:57,7:35,8:23,8:01,9:01
M,30,7:40,7:38,7:54,7:29,9:23,9:37,9:01
F,25,7:46,7:45,8:05,8:02,9:05,8:53,9:01
F,26,8:03,8:02,8:09,8:08,9:05,8:42,9:01
F,44,8:24,8:33,8:58,8:53,10:14,9:04,9:01
M,47,8:36,8:53,8:52,8:40,9:51,9:02,9:01
F,31,8:40,9:24,9:06,8:45,9:19,8:32,9:01
M,55,8:44,8:49,8:56,8:57,9:21,8:35,9:01
F,29,8:48,10:36,8:15,8:07,8:50,8:21,9:01
M,44,8:49,8:47,8:57,8:21,9:01,8:20,9:01
F,25,8:50,8:42,9:05,8:41,9:25,8:49,9:01
F,46,8:51,8:54,9:02,8:48,9:46,9:08,9:01
M,31,9:10,8:52,9:01,8:25,8:51,8:07,9:01
M,30,9:14,9:14,9:13,8:38,9:33,8:50,9:01
F,18,10:10,10:18,10:41,10:02,10:16,9:09,9:01
M,43,7:27,7:29,7:20,7:16,7:59,7:53,9:02
M,26,7:53,7:57,8:12,8:09,9:24,9:05,9:02
M,44,8:05,8:37,9:58,8:29,9:58,9:02,9:02
F,39,8:18,8:37,8:53,8:32,9:22,8:37,9:02
M,47,8:21,8:31,8:12,8:08,8:38,8:13,9:02
M,49,8:23,8:33,8:41,8:17,8:55,8:29,9:02
M,32,8:27,9:08,8:54,8:31,9:06,8:38,9:02
F,33,8:29,8:21,8:35,8:30,9:23,8:32,9:02
M,48,8:34,8:34,8:54,8:31,9:25,8:44,9:02
F,24,8:46,8:57,9:24,9:01,9:33,8:54,9:02
M,27,8:50,8:42,9:05,8:41,9:26,8:49,9:02
M,53,8:55,8:48,9:02,8:36,9:24,8:29,9:02
F,26,9:07,9:15,10:15,9:35,9:55,9:08,9:02
M,45,9:08,9:35,9:30,9:00,10:07,8:48,9:02
M,45,8:00,8:07,8:24,8:05,8:46,8:19,9:03
M,38,8:04,8:02,8:07,8:01,9:37,8:55,9:03
F,22,8:19,8:09,8:15,7:48,8:27,9:04,9:03
M,56,8:28,8:28,8:35,8:14,8:59,8:24,9:03
F,46,8:32,8:49,8:40,9:22,9:52,8:43,9:03
M,57,9:03,8:36,8:47,8:33,9:22,8:40,9:03
M,41,9:08,9:36,9:30,9:00,10:07,8:47,9:03
F,29,9:11,9:22,9:20,9:00,9:39,9:08,9:03
M,25,9:11,9:22,9:21,9:01,9:37,9:08,9:03
M,44,9:50,10:24,10:20,10:11,11:20,10:16,9:03
M,23,7:26,7:29,7:31,7:09,8:06,8:44,9:04
F,32,8:06,8:12,8:16,8:04,8:48,8:13,9:04
M,48,8:28,8:56,8:38,8:48,10:07,9:05,9:04
M,31,8:44,8:37,8:50,8:14,8:49,8:44,9:04
F,37,8:49,9:07,9:42,9:04,9:24,8:55,9:04
F,43,9:03,9:06,9:14,8:55,9:38,9:04,9:04
F,33,9:12,9:34,10:35,9:08,11:00,10:12,9:04
F,36,9:14,8:59,9:48,9:08,10:06,9:39,9:04
M,34,9:18,9:06,9:06,8:38,9:14,8:23,9:04
M,44,9:37,9:43,9:43,9:23,9:43,8:51,9:04
M,31,6:53,6:56,7:09,7:00,8:00,8:05,9:05
M,56,7:05,7:49,8:05,8:33,10:41,9:49,9:05
M,25,7:09,7:20,7:35,7:22,8:42,8:32,9:05
F,23,7:20,7:44,8:05,7:39,8:24,8:07,9:05
M,44,7:49,7:46,7:54,7:44,8:31,8:16,9:05
M,33,7:58,7:59,8:04,7:56,8:52,8:34,9:05
F,20,8:19,8:54,8:38,8:18,8:47,8:25,9:05
M,41,8:24,8:33,8:53,9:25,9:55,9:22,9:05
F,38,8:29,8:43,8:52,8:37,9:42,9:01,9:05
M,36,8:29,8:53,8:57,8:56,10:08,8:49,9:05
M,33,8:35,8:47,9:01,8:24,8:57,8:30,9:05
M,24,8:40,8:42,9:06,8:39,9:07,8:35,9:05
M,51,9:14,9:20,9:02,8:56,9:43,9:02,9:05
M,34,7:37,8:48,8:57,8:39,9:22,8:42,9:06
M,53,7:40,7:53,8:14,8:05,9:09,8:50,9:06
M,36,8:14,9:44,8:40,8:18,8:46,8:17,9:06
M,23,8:25,8:43,9:01,8:51,9:23,8:36,9:06
M,42,8:36,9:12,9:12,8:36,9:21,9:01,9:06
F,34,8:51,8:40,9:09,8:36,9:13,8:35,9:06
M,46,8:53,8:38,8:46,8:25,8:57,8:35,9:06
M,40,8:57,8:57,9:00,8:34,9:20,8:40,9:06
M,40,6:40,6:51,7:14,7:07,8:28,8:21,9:07
M,46,7:08,7:24,7:20,7:22,8:28,8:23,9:07
M,38,8:06,8:27,8:49,8:35,9:49,8:40,9:07
M,33,8:07,7:52,8:29,7:43,9:00,8:10,9:07
F,40,8:32,8:49,9:18,8:59,9:59,9:07,9:07
F,32,8:34,8:43,8:54,8:34,10:08,9:19,9:07
M,44,8:39,8:39,9:00,8:49,9:19,9:01,9:07
M,54,9:04,9:00,9:17,8:52,9:54,9:06,9:07
M,36,9:05,10:29,10:28,9:40,10:30,9:29,9:07
M,44,10:23,10:07,11:15,10:53,10:14,11:20,9:07
M,32,10:40,11:19,11:00,10:36,11:19,9:46,9:07
M,35,6:28,6:32,6:50,6:40,7:22,7:50,9:08
M,68,7:54,8:23,8:20,8:21,9:26,9:14,9:08
M,34,8:04,7:51,8:02,7:50,8:29,8:00,9:08
F,31,8:11,8:11,8:21,7:59,8:55,8:29,9:08
M,54,8:16,9:01,9:23,9:21,9:59,8:48,9:08
M,51,8:31,8:44,8:47,8:26,9:12,8:32,9:08
F,28,8:46,9:00,8:49,8:38,9:34,8:58,9:08
M,40,9:01,9:36,9:29,9:10,9:44,9:05,9:08
F,44,9:06,8:53,9:07,9:05,9:37,9:05,9:08
M,29,9:11,9:05,9:25,8:57,9:30,9:05,9:08
M,45,9:20,8:59,9:36,8:56,9:38,8:40,9:08
F,31,9:22,9:26,9:33,9:17,10:35,9:10,9:08
M,28,6:41,6:51,6:59,6:53,7:56,7:37,9:09
M,33,7:14,7:45,8:00,8:02,8:14,8:02,9:09
M,25,8:08,8:20,8:53,8:36,9:19,8:53,9:09
M,22,8:29,8:26,8:38,8:13,8:40,8:12,9:09
M,61,8:42,8:56,9:17,8:51,9:29,8:43,9:09
M,30,8:47,9:04,8:55,8:38,9:58,9:24,9:09
M,31,8:47,9:04,8:56,8:38,9:58,9:23,9:09
M,54,8:51,8:44,8:59,8:37,9:38,8:47,9:09
M,62,8:57,8:57,9:06,8:51,9:31,8:30,9:09
F,34,9:03,8:53,9:04,8:33,9:28,8:41,9:09
F,28,9:06,8:35,9:03,8:31,10:28,9:11,9:09
M,34,9:23,9:22,9:31,9:21,9:58,8:54,9:09
M,50,7:14,7:15,7:34,7:28,8:09,8:09,9:10
M,25,8:00,7:57,8:07,7:41,8:38,8:08,9:10
M,31,8:01,8:08,8:22,8:08,8:50,8:43,9:10
M,40,8:06,7:59,8:01,7:50,8:26,7:59,9:10
M,45,8:06,8:02,8:22,8:03,9:00,8:44,9:10
M,52,8:15,8:14,8:25,8:12,8:59,8:46,9:10
M,46,8:17,8:27,8:51,8:41,9:32,9:05,9:10
M,32,8:44,7:52,8:00,7:37,8:26,8:01,9:10
M,27,9:17,8:59,9:10,8:36,9:30,9:00,9:10
F,24,9:24,9:52,9:32,8:49,9:26,8:43,9:10
M,45,9:33,11:18,10:12,10:23,10:55,9:29,9:10
M,35,10:12,11:23,11:14,10:54,12:29,12:05,9:10
M,22,6:47,6:48,7:05,7:07,8:12,9:09,9:11
M,32,7:14,7:20,7:38,7:25,8:17,8:15,9:11
M,31,8:16,8:25,9:23,8:28,9:15,8:40,9:11
M,37,8:26,8:22,8:48,8:49,10:26,9:29,9:11
M,40,8:55,8:47,8:33,8:24,9:02,8:39,9:11
M,20,9:36,10:04,10:07,9:56,10:23,9:25,9:11
M,45,7:40,7:52,8:14,7:53,8:53,8:17,9:12
M,50,7:46,8:15,8:45,8:42,9:30,8:53,9:12
M,33,7:55,7:48,8:38,7:51,8:51,8:53,9:12
M,34,8:29,9:05,9:00,8:28,9:37,9:25,9:12
M,30,8:30,8:10,8:25,7:55,8:51,8:20,9:12
M,28,8:41,7:44,8:08,7:54,8:41,8:15,9:12
F,35,8:41,8:46,9:07,8:52,9:41,9:18,9:12
M,29,8:41,8:59,9:09,8:58,9:43,9:00,9:12
M,33,8:43,9:00,9:09,8:57,9:48,9:31,9:12
M,44,8:58,8:58,8:49,8:43,9:34,9:24,9:12
M,31,9:04,9:08,9:16,8:54,9:41,8:47,9:12
M,45,10:07,10:31,10:28,10:22,11:02,9:44,9:12
F,50,10:41,9:24,9:37,8:45,9:23,8:44,9:12
F,29,7:07,7:12,7:25,7:12,7:56,7:45,9:13
M,44,7:21,8:40,8:11,8:05,9:27,9:05,9:13
M,41,7:29,7:33,7:40,7:29,8:36,8:33,9:13
M,24,8:01,8:16,8:10,7:55,8:51,8:40,9:13
M,48,8:11,7:50,7:54,7:46,8:45,8:12,9:13
M,26,8:16,8:09,8:19,8:01,9:27,9:49,9:13
M,56,8:25,8:47,8:51,8:58,10:08,8:53,9:13
M,44,8:26,9:51,9:20,9:35,11:33,9:24,9:13
M,52,8:52,9:06,9:19,9:42,9:56,8:54,9:13
M,34,9:03,8:54,9:11,8:40,9:28,8:45,9:13
F,34,9:43,10:58,10:27,9:50,10:10,9:33,9:13
M,41,9:51,9:30,9:49,9:28,9:55,9:14,9:13
F,38,10:05,10:56,10:06,9:57,11:37,9:56,9:13
M,40,7:53,8:01,8:01,8:00,9:33,9:09,9:14
M,39,8:06,8:36,8:37,8:04,9:06,8:45,9:14
M,34,8:24,8:34,8:46,8:34,9:14,8:55,9:14
M,35,8:27,8:26,8:25,8:06,8:54,8:36,9:14
M,26,8:56,9:10,9:24,8:57,10:03,9:24,9:14
F,53,9:03,9:07,9:20,9:03,9:57,9:13,9:14
F,29,9:39,9:35,9:30,9:19,10:23,9:29,9:14
F,28,10:17,10:21,10:50,10:29,11:03,10:24,9:14
M,25,6:31,6:57,7:33,7:19,8:49,8:46,9:15
M,35,7:58,8:03,8:13,8:06,8:50,8:14,9:15
M,29,8:00,7:57,8:07,7:41,7:46,8:37,9:15
M,56,8:05,8:48,8:56,8:40,9:47,9:30,9:15
M,26,8:37,8:38,8:54,8:32,9:19,8:51,9:15
M,34,8:39,8:28,9:00,8:24,9:14,8:37,9:15
M,29,8:46,8:43,8:59,8:35,10:09,9:40,9:15
F,23,9:38,9:12,9:21,8:48,9:17,8:35,9:15
F,31,10:03,10:03,10:20,9:48,10:21,9:15,9:15
M,34,7:16,7:18,7:39,7:20,8:22,8:19,9:16
M,29,7:30,7:50,8:08,7:57,8:58,8:40,9:16
M,25,7:33,7:39,7:57,7:46,8:49,9:03,9:16
M,45,7:46,7:40,8:02,7:52,8:56,8:47,9:16
M,61,8:00,8:10,8:25,8:21,9:18,9:00,9:16
F,37,8:05,8:30,8:53,8:22,9:09,8:32,9:16
M,42,8:18,8:24,8:34,8:20,9:17,8:25,9:16
F,47,8:26,8:57,10:06,9:06,10:46,9:54,9:16
F,24,8:30,8:26,8:47,8:33,9:58,9:36,9:16
M,43,8:45,8:55,9:27,8:40,9:43,9:13,9:16
M,24,8:47,8:56,8:44,8:14,8:58,8:39,9:16
F,33,8:49,8:59,9:08,8:59,9:44,9:03,9:16
F,33,8:49,9:03,9:17,9:17,10:08,9:01,9:16
F,37,8:59,9:11,9:18,9:06,10:03,9:11,9:16
M,32,9:00,8:31,8:41,8:17,9:48,9:29,9:16
F,26,9:04,9:08,9:16,8:54,9:45,9:12,9:16
F,26,9:12,9:41,9:21,8:49,9:16,8:42,9:16
F,39,9:31,9:45,9:58,10:04,10:25,9:32,9:16
M,21,6:03,6:46,7:27,7:01,7:53,7:55,9:17
M,41,6:50,7:15,7:35,7:23,8:24,8:19,9:17
M,52,7:52,8:10,8:23,8:05,8:46,8:28,9:17
F,25,8:52,8:37,8:35,8:20,9:05,8:45,9:17
F,45,8:54,8:52,9:20,9:24,9:50,9:04,9:17
F,21,9:29,13:10,10:51,11:10,11:11,10:24,9:17
M,31,9:30,9:09,9:14,8:39,9:23,9:48,9:17
M,44,9:43,10:26,10:21,9:56,10:19,9:10,9:17
M,38,6:59,7:04,7:27,7:10,7:52,8:31,9:18
F,37,7:23,7:35,7:54,7:52,9:02,8:37,9:18
M,31,7:28,7:38,7:58,7:54,8:55,9:03,9:18
M,41,7:44,7:31,7:45,7:18,8:30,7:53,9:18
M,25,7:49,8:39,8:57,9:23,8:54,8:33,9:18
M,43,7:57,8:07,8:16,8:28,9:16,9:08,9:18
F,20,7:59,8:20,8:47,8:31,9:18,9:02,9:18
M,35,8:01,7:53,7:59,7:49,8:32,8:15,9:18
M,47,8:07,8:01,9:36,7:53,8:19,8:04,9:18
F,34,8:07,8:21,8:45,8:44,10:26,9:04,9:18
F,35,8:19,8:19,8:26,8:16,8:54,8:22,9:18
M,40,8:21,8:33,8:39,8:37,9:36,9:22,9:18
F,41,8:28,8:21,8:48,8:55,9:27,8:39,9:18
M,33,8:30,9:00,8:40,8:31,9:35,8:55,9:18
F,44,8:36,8:51,8:54,8:44,9:02,8:43,9:18
M,35,8:37,8:16,8:24,8:19,9:07,8:47,9:18
F,29,8:55,8:42,9:00,8:37,9:31,9:09,9:18
M,26,9:14,9:11,9:27,9:00,9:51,8:49,9:18
F,35,9:20,10:25,11:12,9:41,10:38,9:45,9:18
F,43,9:20,10:25,11:12,9:41,10:38,9:45,9:18
M,30,9:21,9:19,9:58,9:10,9:56,9:36,9:18
F,32,9:24,9:03,9:29,9:12,9:47,9:01,9:18
M,32,9:29,8:42,8:22,8:12,8:38,8:32,9:18
M,46,9:49,9:49,9:59,9:42,9:48,9:08,9:18
F,33,10:00,9:09,9:07,8:36,9:34,10:23,9:18
M,43,7:05,7:07,7:42,7:20,8:13,8:13,9:19
F,26,7:11,7:18,7:36,7:35,10:00,9:22,9:19
F,39,7:53,8:03,8:18,8:16,9:12,9:10,9:19
M,40,8:22,8:19,8:19,8:04,8:56,9:02,9:19
F,40,8:22,9:49,9:27,9:33,10:37,9:35,9:19
M,42,8:29,8:35,8:49,8:45,9:31,9:00,9:19
M,34,8:40,8:58,8:55,8:50,9:39,9:19,9:19
M,30,8:56,9:32,9:22,8:35,9:09,9:05,9:19
M,33,9:00,9:06,9:10,8:57,9:28,8:49,9:19
M,39,9:31,9:11,9:46,8:50,9:34,8:44,9:19
M,30,6:37,6:55,7:13,6:59,7:37,7:32,9:20
M,27,7:50,7:59,8:15,8:03,9:13,9:07,9:20
M,32,7:54,7:56,7:54,7:42,8:51,9:28,9:20
M,57,8:13,8:38,9:25,9:14,9:55,9:13,9:20
F,28,8:18,8:30,8:47,8:41,9:59,9:45,9:20
M,35,8:25,8:45,8:32,8:25,9:34,8:45,9:20
M,36,8:31,8:17,8:26,8:05,8:56,8:34,9:20
M,51,8:33,8:49,8:56,8:44,9:29,8:42,9:20
F,39,8:37,8:53,9:28,8:59,10:20,9:03,9:20
M,35,8:42,8:37,8:58,8:46,9:50,9:06,9:20
F,23,8:43,9:48,9:05,8:48,9:34,8:39,9:20
M,75,8:51,9:00,9:09,8:58,9:44,9:04,9:20
M,28,9:38,9:13,9:21,8:51,10:07,9:04,9:20
M,39,10:06,10:52,10:52,11:49,12:12,11:00,9:20
M,39,10:44,10:22,10:12,10:26,11:25,10:43,9:20
